ZIPƒtƒ@ƒCƒ‹–¼,o—Í”NŒ“úE,’n”Ô‹æˆæ,’n”Ô,’n”Ô‹æˆæi•MŠE–¢’è’n\¬’n”Ôj,’n”Ôi•MŠE–¢’è’n\¬’n”Ôj
10363-0704-1.zip,202202031338,‘½–ìŒS‹gˆä’¬‘åš‰º‰œ•½,690-2,,
10363-0704-2.zip,202202031338,‘½–ìŒS‹gˆä’¬‘åš¬‹ø,“¹-5413,,
10363-0704-2.zip,202202031338,‘½–ìŒS‹gˆä’¬‘åš¬‹ø,’·‹·•¨•s–¾-808,,
10363-0704-2.zip,202202031338,‘½–ìŒS‹gˆä’¬‘åš¬‹ø,’·‹·•¨•s–¾-809,,
10363-0704-2.zip,202202031338,‘½–ìŒS‹gˆä’¬‘åš¬‹ø,’·‹·•¨•s–¾-810,,
10363-0704-2.zip,202202031338,‘½–ìŒS‹gˆä’¬‘åš¬‹ø,’·‹·•¨•s–¾-811,,
10363-0704-3.zip,202202031338,‘½–ìŒS‹gˆä’¬‘åš[‘ò,248-3,,
10363-0704-3.zip,202202031338,‘½–ìŒS‹gˆä’¬‘åš[‘ò,173-2,,
10363-0704-4.zip,202202031338,‘½–ìŒS‹gˆä’¬‘åš‘½ŒÓ,•MŠE–¢’è’n-8087383,‘½–ìŒS‹gˆä’¬‘åš‘½ŒÓ,225-4
10363-0704-5.zip,202202031338,‘½–ìŒS‹gˆä’¬‘åš‘½”ä—Ç,•MŠE–¢’è’n-10625529,‘½–ìŒS‹gˆä’¬‘åš‘½”ä—Ç,4457-30X(2/3)
10363-0704-5.zip,202202031338,‘½–ìŒS‹gˆä’¬‘åš‘½”ä—Ç,•MŠE–¢’è’n-10625532,‘½–ìŒS‹gˆä’¬‘åš‘½”ä—Ç,4457-30X(3/3)
10363-0704-6.zip,202202031338,‘½–ìŒS‹gˆä’¬‘åš“Œ’J,189-6,,
10363-0704-7.zip,202202031338,‘½–ìŒS‹gˆä’¬‘åš“Œ’J,•MŠE–¢’è’n-8145125,‘½–ìŒS‹gˆä’¬‘åš“Œ’J,833W1
10363-0704-7.zip,202202031338,‘½–ìŒS‹gˆä’¬‘åš“Œ’J,•MŠE–¢’è’n-8145126,‘½–ìŒS‹gˆä’¬‘åš“Œ’J,833W2
10363-0704-7.zip,202202031338,‘½–ìŒS‹gˆä’¬‘åš“Œ’J,•MŠE–¢’è’n-8145127,‘½–ìŒS‹gˆä’¬‘åš“Œ’J,833W3
10363-0704-7.zip,202202031338,‘½–ìŒS‹gˆä’¬‘åš“Œ’J,•MŠE–¢’è’n-8145133,‘½–ìŒS‹gˆä’¬‘åš“Œ’J,881
10363-0704-7.zip,202202031338,‘½–ìŒS‹gˆä’¬‘åš“Œ’J,•MŠE–¢’è’n-8145137,‘½–ìŒS‹gˆä’¬‘åš“Œ’J,900
10363-0704-7.zip,202202031338,‘½–ìŒS‹gˆä’¬‘åš“Œ’J,•MŠE–¢’è’n-8145137,‘½–ìŒS‹gˆä’¬‘åš“Œ’J,902
10363-0704-7.zip,202202031338,‘½–ìŒS‹gˆä’¬‘åš“Œ’J,•MŠE–¢’è’n-8145138,‘½–ìŒS‹gˆä’¬‘åš“Œ’J,‰³903-2
10363-0704-7.zip,202202031338,‘½–ìŒS‹gˆä’¬‘åš“Œ’J,•MŠE–¢’è’n-8145139,‘½–ìŒS‹gˆä’¬‘åš“Œ’J,911W1
10363-0704-7.zip,202202031338,‘½–ìŒS‹gˆä’¬‘åš“Œ’J,•MŠE–¢’è’n-8145139,‘½–ìŒS‹gˆä’¬‘åš“Œ’J,‰³912W1
10363-0704-7.zip,202202031338,‘½–ìŒS‹gˆä’¬‘åš“Œ’J,•MŠE–¢’è’n-8145140,‘½–ìŒS‹gˆä’¬‘åš“Œ’J,911W2
10363-0704-7.zip,202202031338,‘½–ìŒS‹gˆä’¬‘åš“Œ’J,•MŠE–¢’è’n-8145140,‘½–ìŒS‹gˆä’¬‘åš“Œ’J,‰³912W2
10363-0704-7.zip,202202031338,‘½–ìŒS‹gˆä’¬‘åš“Œ’J,•MŠE–¢’è’n-8145141,‘½–ìŒS‹gˆä’¬‘åš“Œ’J,911W3
10363-0704-7.zip,202202031338,‘½–ìŒS‹gˆä’¬‘åš“Œ’J,•MŠE–¢’è’n-8145141,‘½–ìŒS‹gˆä’¬‘åš“Œ’J,‰³912W3
10363-0704-7.zip,202202031338,‘½–ìŒS‹gˆä’¬‘åš“Œ’J,•MŠE–¢’è’n-8145142,‘½–ìŒS‹gˆä’¬‘åš“Œ’J,911W4
10363-0704-7.zip,202202031338,‘½–ìŒS‹gˆä’¬‘åš“Œ’J,•MŠE–¢’è’n-8145142,‘½–ìŒS‹gˆä’¬‘åš“Œ’J,‰³912W4
10363-0704-7.zip,202202031338,‘½–ìŒS‹gˆä’¬‘åš“Œ’J,•MŠE–¢’è’n-8145143,‘½–ìŒS‹gˆä’¬‘åš“Œ’J,911W5
10363-0704-7.zip,202202031338,‘½–ìŒS‹gˆä’¬‘åš“Œ’J,•MŠE–¢’è’n-8145143,‘½–ìŒS‹gˆä’¬‘åš“Œ’J,‰³912W5
10363-0704-7.zip,202202031338,‘½–ìŒS‹gˆä’¬‘åš“Œ’J,•MŠE–¢’è’n-8145144,‘½–ìŒS‹gˆä’¬‘åš“Œ’J,911W6
10363-0704-7.zip,202202031338,‘½–ìŒS‹gˆä’¬‘åš“Œ’J,•MŠE–¢’è’n-8145144,‘½–ìŒS‹gˆä’¬‘åš“Œ’J,‰³912W6
10363-0704-7.zip,202202031338,‘½–ìŒS‹gˆä’¬‘åš“Œ’J,•MŠE–¢’è’n-8145145,‘½–ìŒS‹gˆä’¬‘åš“Œ’J,911W7
10363-0704-7.zip,202202031338,‘½–ìŒS‹gˆä’¬‘åš“Œ’J,•MŠE–¢’è’n-8145145,‘½–ìŒS‹gˆä’¬‘åš“Œ’J,‰³912W7
10363-0704-7.zip,202202031338,‘½–ìŒS‹gˆä’¬‘åš“Œ’J,•MŠE–¢’è’n-8145146,‘½–ìŒS‹gˆä’¬‘åš“Œ’J,911W8
10363-0704-7.zip,202202031338,‘½–ìŒS‹gˆä’¬‘åš“Œ’J,•MŠE–¢’è’n-8145146,‘½–ìŒS‹gˆä’¬‘åš“Œ’J,‰³912W8
10363-0704-7.zip,202202031338,‘½–ìŒS‹gˆä’¬‘åš“Œ’J,•MŠE–¢’è’n-8145165,‘½–ìŒS‹gˆä’¬‘åš“Œ’J,917-1W1
10363-0704-7.zip,202202031338,‘½–ìŒS‹gˆä’¬‘åš“Œ’J,•MŠE–¢’è’n-8145165,‘½–ìŒS‹gˆä’¬‘åš“Œ’J,917-2W1
10363-0704-7.zip,202202031338,‘½–ìŒS‹gˆä’¬‘åš“Œ’J,•MŠE–¢’è’n-8145165,‘½–ìŒS‹gˆä’¬‘åš“Œ’J,917-3W1
10363-0704-7.zip,202202031338,‘½–ìŒS‹gˆä’¬‘åš“Œ’J,•MŠE–¢’è’n-8145165,‘½–ìŒS‹gˆä’¬‘åš“Œ’J,925W1
10363-0704-7.zip,202202031338,‘½–ìŒS‹gˆä’¬‘åš“Œ’J,•MŠE–¢’è’n-8145165,‘½–ìŒS‹gˆä’¬‘åš“Œ’J,926W1
10363-0704-7.zip,202202031338,‘½–ìŒS‹gˆä’¬‘åš“Œ’J,•MŠE–¢’è’n-8145165,‘½–ìŒS‹gˆä’¬‘åš“Œ’J,927W1
10363-0704-7.zip,202202031338,‘½–ìŒS‹gˆä’¬‘åš“Œ’J,•MŠE–¢’è’n-8145166,‘½–ìŒS‹gˆä’¬‘åš“Œ’J,917-1W2
10363-0704-7.zip,202202031338,‘½–ìŒS‹gˆä’¬‘åš“Œ’J,•MŠE–¢’è’n-8145166,‘½–ìŒS‹gˆä’¬‘åš“Œ’J,917-2W2
10363-0704-7.zip,202202031338,‘½–ìŒS‹gˆä’¬‘åš“Œ’J,•MŠE–¢’è’n-8145166,‘½–ìŒS‹gˆä’¬‘åš“Œ’J,917-3W2
10363-0704-7.zip,202202031338,‘½–ìŒS‹gˆä’¬‘åš“Œ’J,•MŠE–¢’è’n-8145166,‘½–ìŒS‹gˆä’¬‘åš“Œ’J,925W2
10363-0704-7.zip,202202031338,‘½–ìŒS‹gˆä’¬‘åš“Œ’J,•MŠE–¢’è’n-8145166,‘½–ìŒS‹gˆä’¬‘åš“Œ’J,926W2
10363-0704-7.zip,202202031338,‘½–ìŒS‹gˆä’¬‘åš“Œ’J,•MŠE–¢’è’n-8145166,‘½–ìŒS‹gˆä’¬‘åš“Œ’J,927W2
10363-0704-7.zip,202202031338,‘½–ìŒS‹gˆä’¬‘åš“Œ’J,•MŠE–¢’è’n-8145173,‘½–ìŒS‹gˆä’¬‘åš“Œ’J,929
10363-0704-7.zip,202202031338,‘½–ìŒS‹gˆä’¬‘åš“Œ’J,•MŠE–¢’è’n-8145189,‘½–ìŒS‹gˆä’¬‘åš“Œ’J,b937W1
10363-0704-7.zip,202202031338,‘½–ìŒS‹gˆä’¬‘åš“Œ’J,•MŠE–¢’è’n-8145189,‘½–ìŒS‹gˆä’¬‘åš“Œ’J,‰³934W1
10363-0704-7.zip,202202031338,‘½–ìŒS‹gˆä’¬‘åš“Œ’J,•MŠE–¢’è’n-8145189,‘½–ìŒS‹gˆä’¬‘åš“Œ’J,‰³937W1
10363-0704-7.zip,202202031338,‘½–ìŒS‹gˆä’¬‘åš“Œ’J,•MŠE–¢’è’n-8145190,‘½–ìŒS‹gˆä’¬‘åš“Œ’J,b937W2
10363-0704-7.zip,202202031338,‘½–ìŒS‹gˆä’¬‘åš“Œ’J,•MŠE–¢’è’n-8145190,‘½–ìŒS‹gˆä’¬‘åš“Œ’J,‰³934W2
10363-0704-7.zip,202202031338,‘½–ìŒS‹gˆä’¬‘åš“Œ’J,•MŠE–¢’è’n-8145190,‘½–ìŒS‹gˆä’¬‘åš“Œ’J,‰³937W2
10363-0704-7.zip,202202031338,‘½–ìŒS‹gˆä’¬‘åš“Œ’J,•MŠE–¢’è’n-8145206,‘½–ìŒS‹gˆä’¬‘åš“Œ’J,941W1
10363-0704-7.zip,202202031338,‘½–ìŒS‹gˆä’¬‘åš“Œ’J,•MŠE–¢’è’n-8145207,‘½–ìŒS‹gˆä’¬‘åš“Œ’J,941W2
10363-0704-7.zip,202202031338,‘½–ìŒS‹gˆä’¬‘åš“Œ’J,•MŠE–¢’è’n-8145208,‘½–ìŒS‹gˆä’¬‘åš“Œ’J,941W3
10363-0704-7.zip,202202031338,‘½–ìŒS‹gˆä’¬‘åš“Œ’J,•MŠE–¢’è’n-8145232,‘½–ìŒS‹gˆä’¬‘åš“Œ’J,955
10363-0704-7.zip,202202031338,‘½–ìŒS‹gˆä’¬‘åš“Œ’J,•MŠE–¢’è’n-8145242,‘½–ìŒS‹gˆä’¬‘åš“Œ’J,971W1
10363-0704-7.zip,202202031338,‘½–ìŒS‹gˆä’¬‘åš“Œ’J,•MŠE–¢’è’n-8145242,‘½–ìŒS‹gˆä’¬‘åš“Œ’J,‰³998W1
10363-0704-7.zip,202202031338,‘½–ìŒS‹gˆä’¬‘åš“Œ’J,•MŠE–¢’è’n-8145243,‘½–ìŒS‹gˆä’¬‘åš“Œ’J,971W2
10363-0704-7.zip,202202031338,‘½–ìŒS‹gˆä’¬‘åš“Œ’J,•MŠE–¢’è’n-8145243,‘½–ìŒS‹gˆä’¬‘åš“Œ’J,‰³998W2
